{"cameraMode":{"drawMode":0,"name":"Shaded","section":"Shading Mode"},"sceneLighting":false,"audioPlay":false,"sceneViewState":{"m_AlwaysRefresh":false,"showFog":true,"showSkybox":true,"showFlares":false,"showImageEffects":true,"showParticleSystems":true,"showVisualEffectGraphs":false,"m_FxEnabled":false},"in2DMode":false,"pivot":{"x":101.40531158447266,"y":44.14045715332031,"z":221.08102416992188},"rotation":{"x":-0.13844549655914308,"y":-0.003564649261534214,"z":0.0004631508782040328,"w":-0.990321934223175},"size":330.18084716796877,"orthographic":false}