{"cameraMode":{"drawMode":0,"name":"Shaded","section":"Shading Mode"},"sceneLighting":true,"audioPlay":false,"sceneViewState":{"m_AlwaysRefresh":false,"showFog":true,"showSkybox":false,"showFlares":false,"showImageEffects":true,"showParticleSystems":true,"showVisualEffectGraphs":false,"m_FxEnabled":true},"in2DMode":false,"pivot":{"x":24.847299575805665,"y":-0.12764906883239747,"z":2.1240077018737795},"rotation":{"x":0.039315223693847659,"y":0.6966233253479004,"z":-0.03827330842614174,"w":0.7152765989303589},"size":9.13031005859375,"orthographic":false}