{"cameraMode":{"drawMode":0,"name":"Shaded","section":"Shading Mode"},"sceneLighting":false,"audioPlay":false,"sceneViewState":{"m_AlwaysRefresh":false,"showFog":true,"showSkybox":false,"showFlares":false,"showImageEffects":true,"showParticleSystems":true,"showVisualEffectGraphs":false,"m_FxEnabled":false},"in2DMode":false,"pivot":{"x":1.5123623609542847,"y":-0.4084256887435913,"z":-0.07279179990291596},"rotation":{"x":0.17485004663467408,"y":0.7142164707183838,"z":-0.19214734435081483,"w":0.649922251701355},"size":0.8660253882408142,"orthographic":false}